Benedykta,Jasińska,BenedyktaJasinska@cuvox.de,Dah3boo3Hah
Marik,Kaczmarek,MarikKaczmarek@teleworm.us,rahreiJ4oo
Klementyna,Dudek,KlementynaDudek@gustr.com,cohduu2kaaW
Jacek,Czerwinski,JacekCzerwinski@dayrep.com,EXai5cai
Justyna,Wieczorek,JustynaWieczorek@jourrapide.com,DaPah2rai
Gabrysia,Woźniak,GabrysiaWozniak@einrot.com,aqu4shi6Ee
Donat,Sobczak,DonatSobczak@dayrep.com,aiqu7aKei9
Mariusz,Sobczak,MariuszSobczak@rhyta.com,Foh3meeMie
Krzyś,Kwiatkowski,KrzysKwiatkowski@teleworm.us,aej1aiFu
Czcibor,Chmielewski,CzciborChmielewski@rhyta.com,thooH5OoNgi0
Radosław,Kowalczyk,RadoslawKowalczyk@superrito.com,no9Iequ5Quoo
Jozafat,Szczepański,JozafatSzczepanski@fleckens.hu,weefeH4ahnoh
Cecylia,Szczepańska,CecyliaSzczepanska@teleworm.us,ohjaG9UPae
Kinga,Wieczorek,KingaWieczorek@armyspy.com,aiYu4Rum2Ae
Łukasz,Ostrowski,LukaszOstrowski@jourrapide.com,Nu9quael
Wielisław,Rutkowski,WielislawRutkowski@einrot.com,yaitheiN7
Malwina,Rutkowska,MalwinaRutkowska@superrito.com,ashei8EB
Zuzanna,Wysocka,ZuzannaWysocka@superrito.com,IeF7jai3
Sławomir,Czerwinski,SlawomirCzerwinski@fleckens.hu,UMoov5iex3
Klementyna,Wojciechowska,KlementynaWojciechowska@teleworm.us,xo1xaiNei
Mirosław,Wiśniewski,MiroslawWisniewski@gustr.com,Woo0choNgoo
